Symbol,Series,Date,Prev Close,Open Price,High Price,Low Price,Last Price,Close Price,Average Price,Total Traded Quantity,Turnover,No. of Trades,Deliverable Qty,% Dly Qt to Traded Qty
ITC,EQ,15-May-17,274.95,275.9,278.9,275.5,278.5,277.95,277.78,5462855,1517476658,52501,4128324,75.57
ITC,EQ,16-May-17,277.95,278.5,284.3,278,283,283.45,280.93,11204308,3147583220,98347,8307567,74.15
ITC,EQ,17-May-17,283.45,284.1,284.4,279.25,281.5,281.65,281.56,8297700,2336261278,99107,5924804,71.4
ITC,EQ,18-May-17,281.65,278,281.05,277.05,277.65,277.9,278.49,7924261,2206821556,47830,5434449,68.58
ITC,EQ,19-May-17,277.9,282.25,295.65,281.95,286.4,286.2,290.08,35724128,10362681117,248579,19137631,53.57
ITC,EQ,22-May-17,286.2,292.45,304.8,291.3,303,303.6,299.75,35939315,10772810200,250048,17079600,47.52
ITC,EQ,23-May-17,303.6,301.9,303.9,298.25,300,300.15,300.39,19784738,5943114460,127039,12142585,61.37
ITC,EQ,24-May-17,300.15,300,301.95,297.9,300.1,299.9,299.95,9457848,2836836734,87850,6078221,64.27
ITC,EQ,25-May-17,299.9,300,304.7,295.35,301,300.05,300,22769975,6830907928,110127,16464978,72.31
ITC,EQ,26-May-17,300.05,302,313.8,299.55,306.1,309.1,305.48,21742467,6641979714,155758,8123024,37.36
ITC,EQ,29-May-17,309.1,304,319.85,303.5,315.35,315.85,315.57,19665146,6205697176,167423,9323137,47.41
ITC,EQ,30-May-17,315.85,312.9,315.2,310.05,311.5,311.45,311.96,8547146,2666364621,72697,5731236,67.05
ITC,EQ,31-May-17,311.45,311.45,313.4,307,312.85,311.8,310.49,12308066,3821533004,124108,8403582,68.28
ITC,EQ,1-Jun-17,311.8,312,316.75,310.8,315,314.2,315.1,8253042,2600519267,91321,4704937,57.01
ITC,EQ,2-Jun-17,314.2,316.1,319.9,315.2,319.3,319.2,317.86,11073749,3519851648,65848,7008906,63.29
ITC,EQ,5-Jun-17,319.2,315,318.25,313.3,317.5,317.45,316.83,9482413,3004339372,69774,6130621,64.65
ITC,EQ,6-Jun-17,317.45,317.5,319,309.3,311.3,311.05,311.28,9841205,3063364368,87515,6116482,62.15
ITC,EQ,7-Jun-17,311.05,311.3,314.75,310.35,311.7,312.25,313.15,11534375,3611978436,91062,8921486,77.35
ITC,EQ,8-Jun-17,312.25,313,313.25,309.4,311.2,311.6,310.82,7781415,2418657431,111593,5953664,76.51
ITC,EQ,9-Jun-17,311.6,310.75,312.6,304.7,305.7,306,307.4,10065468,3094129457,103882,5925048,58.87
ITC,EQ,12-Jun-17,306,307,307.5,302.5,304.25,304.4,304.65,6266299,1909038216,50916,3786983,60.43
ITC,EQ,13-Jun-17,304.4,305.05,306,302.2,305.1,305.25,304.21,5107002,1553584992,69676,3255923,63.75
ITC,EQ,14-Jun-17,305.25,304.95,306,299.15,299.8,299.85,300.77,14574048,4383430596,84216,11919899,81.79
ITC,EQ,15-Jun-17,299.85,302.95,302.95,299.5,302.55,301.9,300.84,7427656,2234554419,68964,4842397,65.19
ITC,EQ,16-Jun-17,301.9,302.5,309.6,302.5,305.85,306.8,307.05,12323676,3784009936,84898,7897294,64.08
ITC,EQ,19-Jun-17,306.8,309,311.85,308.1,310.55,310.9,310.3,6982651,2166703540,54015,4470906,64.03
ITC,EQ,20-Jun-17,310.9,312,312.2,308.1,309.2,308.7,309.84,8260929,2559595434,113970,6339511,76.74
ITC,EQ,21-Jun-17,308.7,309.4,311,307.2,309.25,308.95,309.27,8279767,2560643245,91461,5925969,71.57
ITC,EQ,22-Jun-17,308.95,308.65,314.2,308.2,311.05,311.3,311.69,8944754,2787986034,73644,6438857,71.98
ITC,EQ,23-Jun-17,311.3,310,312.9,308.6,311,311,310.55,7176861,2228781902,63470,4616954,64.33
ITC,EQ,27-Jun-17,311,311.75,316.5,311,311,312.35,314.35,9688675,3045645112,95422,6274301,64.76
ITC,EQ,28-Jun-17,312.35,311.6,311.6,307.1,308.8,308.35,309.54,7919072,2451289259,73681,5682654,71.76
ITC,EQ,29-Jun-17,308.35,309.1,313.25,308.6,310.1,311.6,311.36,9929212,3091582803,103758,5996413,60.39
ITC,EQ,30-Jun-17,311.6,310.25,324.7,310.25,323,323.65,319.24,23196959,7405476367,158703,14954488,64.47
ITC,EQ,3-Jul-17,323.65,346,354.8,340.3,342.8,342.5,344.04,47079622,16197443021,256499,29320072,62.28
ITC,EQ,4-Jul-17,342.5,342.8,343.45,336.25,337.95,337.25,338.75,11232007,3804852970,166512,6236260,55.52
ITC,EQ,5-Jul-17,337.25,337.25,337.85,330.25,331.65,331.05,332.97,11978317,3988361467,112629,7968008,66.52
ITC,EQ,6-Jul-17,331.05,334.3,338.75,331.3,337.1,337.1,336.17,13429462,4514575108,122886,8156576,60.74
ITC,EQ,7-Jul-17,337.1,338,338.2,333.05,334.5,334.3,334.92,9919790,3322371033,91378,6752966,68.08
ITC,EQ,10-Jul-17,334.3,341,367.7,331,333,333.3,333.45,1427399,475960047.1,11885,679722,47.62
ITC,EQ,11-Jul-17,333.3,335,335.05,330,330.2,330.4,331.28,8336685,2761737746,85756,6032829,72.36
ITC,EQ,12-Jul-17,330.4,328.4,333.6,327.4,329.8,328.85,329.19,10249263,3373964484,90432,7048111,68.77
ITC,EQ,13-Jul-17,328.85,332,339.5,331,339.25,338.75,337.11,17491942,5896789822,103161,9981095,57.06
ITC,EQ,14-Jul-17,338.75,339.95,339.95,334.8,337.75,337.15,336.1,5586611,1877636840,56860,3128407,56
ITC,EQ,17-Jul-17,337.15,335,335,320.7,323.25,325.15,327.62,20320210,6657234817,146553,13791627,67.87
ITC,EQ,18-Jul-17,325.15,292.65,292.65,276.4,284.7,284.55,284.65,149479681,42549916129,667965,86293484,57.73
ITC,EQ,19-Jul-17,284.55,287.8,292.9,286.2,291.95,291.45,289.94,39134264,11346660825,236758,21472247,54.87
ITC,EQ,20-Jul-17,291.45,294,294.9,288.4,290,289.5,290.93,15306864,4453157223,108392,9090923,59.39
ITC,EQ,21-Jul-17,289.5,291.5,291.75,286.55,288.5,288.9,288.88,13174402,3805870263,165530,8691445,65.97
ITC,EQ,24-Jul-17,288.9,290,295.35,288.1,293.15,293.25,293.22,17794337,5217696660,163424,10252886,57.62
ITC,EQ,25-Jul-17,293.25,295,295.15,290.85,291.5,291.4,292.04,9559657,2791832312,127952,5998941,62.75
ITC,EQ,26-Jul-17,291.4,292,294.25,291.5,293.4,293.65,293.02,9209593,2698603022,88098,6602067,71.69
ITC,EQ,27-Jul-17,293.65,294.7,295.4,286.75,291.7,288.55,291.58,18892800,5508837342,142759,12349965,65.37
ITC,EQ,28-Jul-17,288.55,294.3,294.75,287.15,290.35,291.55,290.47,18494629,5372055638,139598,9043199,48.9
ITC,EQ,31-Jul-17,291.55,289.5,290.3,284.5,285.25,285.25,286.58,21247233,6089014372,132459,16092463,75.74
ITC,EQ,1-Aug-17,285.25,285.3,288.55,285,287.75,287.85,286.75,13542016,3883160058,133496,9513051,70.25
ITC,EQ,2-Aug-17,287.85,289.8,289.9,284.3,284.85,285.45,286.24,9867353,2824413115,82892,7222537,73.2
ITC,EQ,3-Aug-17,285.45,285,285.4,280.65,280.9,281.4,283.07,10199231,2887112400,104856,7086515,69.48
ITC,EQ,4-Aug-17,281.4,280.4,284.4,279.65,280.8,280.75,281.43,11283020,3175406997,78050,7158410,63.44
ITC,EQ,7-Aug-17,280.75,281.6,283,279.45,279.5,279.85,280.86,8451267,2373593517,66298,5219501,61.76
ITC,EQ,8-Aug-17,279.85,280.1,281.4,273.5,273.85,274.15,276.02,12741118,3516837494,117461,8503329,66.74
ITC,EQ,9-Aug-17,274.15,274,275.4,270.4,272.55,272.85,272.65,9910187,2702006432,70201,5485297,55.35
ITC,EQ,10-Aug-17,272.85,272.65,274.65,270.75,273.8,273.1,272.98,9995867,2728673745,102482,6646779,66.5
ITC,EQ,11-Aug-17,273.1,271,274.45,270.1,271.2,271.5,272.06,14409594,3920292224,91452,9774474,67.83
ITC,EQ,14-Aug-17,271.5,274.4,274.4,270.5,271.25,271.25,271.47,9693041,2631389883,81588,6712033,69.25
ITC,EQ,16-Aug-17,271.25,272,281.75,271.35,279.2,279.2,277.34,18692336,5184177674,122922,11831832,63.3
ITC,EQ,17-Aug-17,279.2,281.85,282.9,277.9,279.7,280,280.55,13703999,3844676878,129985,9203038,67.16
ITC,EQ,18-Aug-17,280,279.25,284,276.8,281.05,281.85,281.65,14869905,4188073838,117503,8494153,57.12
ITC,EQ,21-Aug-17,281.85,282.35,285,280.95,282.45,281.6,282.88,13088154,3702350270,54743,7392195,56.48
ITC,EQ,22-Aug-17,281.6,282,285,280.35,283,282.9,283.68,11956919,3391879543,72293,6736004,56.34
ITC,EQ,23-Aug-17,282.9,283.5,285.6,281.6,281.95,282.55,283.55,8747634,2480421265,81183,5057252,57.81
ITC,EQ,24-Aug-17,282.55,282,283.5,281.1,281.5,281.45,282.11,10819303,3052199506,58038,7694681,71.12
ITC,EQ,28-Aug-17,281.45,282.1,283,279.3,282.9,282.45,280.88,9974428,2801620253,51190,7408609,74.28
ITC,EQ,29-Aug-17,282.45,282.35,282.9,279.4,281,280.25,280.78,6141239,1724332460,50080,3757752,61.19
ITC,EQ,30-Aug-17,280.25,281.15,282.9,280.6,282.4,282,281.56,6534233,1839758583,46318,4625302,70.79
ITC,EQ,31-Aug-17,282,283,283.15,280.4,282.5,282.25,281.69,11221831,3161052923,77430,7482481,66.68
ITC,EQ,1-Sep-17,282.25,282.2,284.35,280.7,283.9,283.6,283.31,7247857,2053417183,39278,4061994,56.04
ITC,EQ,4-Sep-17,283.6,283.45,283.85,282,282.8,283.1,282.96,8480587,2399702088,61072,4612120,54.38
ITC,EQ,5-Sep-17,283.1,282.65,283.9,281.6,282,282.85,282.82,7820187,2211676142,32758,4624587,59.14
ITC,EQ,6-Sep-17,282.85,280.5,281,275.25,275.6,275.7,276.67,14165258,3919152465,135384,10688841,75.46
ITC,EQ,7-Sep-17,275.7,277,277.55,269.55,271,270.4,273.09,19218142,5248332760,120795,12822265,66.72
ITC,EQ,8-Sep-17,270.4,271.15,273.3,270,271.4,272.35,271.6,9716093,2638883390,93638,5266354,54.2
ITC,EQ,11-Sep-17,272.35,272.4,274.4,271.5,273.8,273.6,273.33,9314031,2545821706,49336,7134897,76.6
ITC,EQ,12-Sep-17,273.6,275.5,278.25,274.6,277.4,277.65,276.51,11464781,3170129024,72118,6329710,55.21
ITC,EQ,13-Sep-17,277.65,277.4,277.5,270.95,271.6,271.5,272.9,12126147,3309265270,107527,9084606,74.92
ITC,EQ,14-Sep-17,271.5,272.3,272.5,270.4,272,272,271.41,7041114,1911022094,56956,5069217,71.99
ITC,EQ,15-Sep-17,272,272,272.75,268.2,269,269.3,270.06,13147594,3550601401,106652,10619653,80.77
ITC,EQ,18-Sep-17,269.3,271,271.7,266.25,267.4,267,268.76,10152294,2728516659,91214,6928146,68.24
ITC,EQ,19-Sep-17,267,268,270,264.1,267.7,267.85,265.36,33882424,8990932707,94744,27326760,80.65
ITC,EQ,20-Sep-17,267.85,269.4,272,267.75,271.7,271.55,270.72,9604767,2600245464,120409,6954294,72.4
ITC,EQ,21-Sep-17,271.55,272,272.4,267.1,269,269.55,269.81,7759828,2093649088,68941,4984618,64.24
ITC,EQ,22-Sep-17,269.55,269.5,270.95,267.05,267.85,268.45,269.2,6877525,1851427583,59968,4211560,61.24
ITC,EQ,25-Sep-17,268.45,268.5,269.65,260.9,262.25,262.25,263.85,17583222,4639309635,103975,12697473,72.21
ITC,EQ,26-Sep-17,262.25,263.3,263.75,261.05,261.2,262.45,262.63,9581360,2516345733,96943,7319807,76.4
ITC,EQ,27-Sep-17,262.45,265.1,265.5,256.8,259.45,258.5,261.52,17533620,4585413165,113930,11558373,65.92
ITC,EQ,28-Sep-17,258.5,260.4,263.4,259.1,260.3,261.55,261.67,21604711,5653271251,131648,15711243,72.72
ITC,EQ,29-Sep-17,261.55,262.8,262.9,257.45,257.9,258.3,260.72,12172012,3173544622,92874,9697269,79.67
ITC,EQ,3-Oct-17,258.3,262.5,262.75,258.5,261.2,261.4,261.23,11497927,3003556664,107806,8800195,76.54
ITC,EQ,4-Oct-17,261.4,264.1,268.5,263.15,267,267.4,266.63,10779322,2874120130,81928,6381666,59.2
ITC,EQ,5-Oct-17,267.4,267.4,269.4,264.4,264.7,265.25,266.94,6937298,1851848908,80123,4733884,68.24
ITC,EQ,6-Oct-17,265.25,265.8,267.5,264.65,266.4,266.15,265.97,7856190,2089511409,52879,4853053,61.77
ITC,EQ,9-Oct-17,266.15,268,269.15,266.4,268.1,268,267.76,6088623,1630267499,43287,4303630,70.68
ITC,EQ,10-Oct-17,268,267.1,267.9,265.15,265.95,266.2,266.78,5472538,1459972540,59627,4229204,77.28
ITC,EQ,11-Oct-17,266.2,266.5,267.75,264.45,265.05,265.4,265.22,7664687,2032837243,89004,5341022,69.68
ITC,EQ,12-Oct-17,265.4,265.55,269.2,264,267.05,267,267.15,9165813,2448615620,87409,6222190,67.88
ITC,EQ,13-Oct-17,267,266.25,267.6,264.2,266.1,265.95,265.26,12040762,3193979272,62368,9459733,78.56
ITC,EQ,16-Oct-17,265.95,266,269.95,265.5,267.85,267.5,267.87,9152244,2451656331,79020,7004420,76.53
ITC,EQ,17-Oct-17,267.5,268,268.7,265.95,267.25,267.25,267.47,10628854,2842921717,55945,8070667,75.93
ITC,EQ,18-Oct-17,267.25,268,270.75,267.1,269.95,270.35,268.52,7229879,1941353012,64209,5283259,73.08
ITC,EQ,19-Oct-17,270.35,271,271.3,269,269.35,269.65,269.91,1235750,333536768.1,10947,775103,62.72
ITC,EQ,23-Oct-17,269.65,270,272.75,265.8,266.8,267.05,268.73,9768072,2624970263,106812,7177496,73.48
ITC,EQ,24-Oct-17,267.05,268.45,268.45,266.1,267.1,267,267.3,8400196,2245403459,94164,6817944,81.16
ITC,EQ,25-Oct-17,267,268.4,271.5,268.2,269.1,269.25,269.43,5940597,1600589008,62557,4219220,71.02
ITC,EQ,26-Oct-17,269.25,270.8,270.8,267.15,268,268.4,268.64,9260157,2487679885,60707,5995976,64.75
ITC,EQ,27-Oct-17,268.4,270.6,276,267.45,269.3,269.35,272.44,22968176,6257559997,153012,12222205,53.21
ITC,EQ,30-Oct-17,269.35,269,270.6,263.45,265.2,265.15,265.97,17589111,4678173728,108181,12101080,68.8
ITC,EQ,31-Oct-17,265.15,266.05,266.95,263.9,265.85,265.7,265.13,8139444,2158011950,68011,5526944,67.9
ITC,EQ,1-Nov-17,265.7,267,271.2,266.3,269.7,269.85,269.37,7237682,1949626866,66743,3958249,54.69
ITC,EQ,2-Nov-17,269.85,269.7,269.95,265.3,265.8,265.65,267.2,9683859,2587544412,121280,6924814,71.51
ITC,EQ,3-Nov-17,265.65,267,267.9,264.9,265.65,265.4,265.91,5980143,1590178499,48289,4459934,74.58
ITC,EQ,6-Nov-17,265.4,266.25,267.9,264.3,265,264.9,265.58,9020725,2395700294,78360,6450406,71.51
ITC,EQ,7-Nov-17,264.9,265.7,267.7,263.65,265.1,265.3,265.48,9506715,2523866976,77660,6121542,64.39
ITC,EQ,8-Nov-17,265.3,265.35,266.5,264.7,265.3,265.4,265.68,5957114,1582701475,90269,4358234,73.16
ITC,EQ,9-Nov-17,265.4,266.4,266.5,259.3,261,260.05,261.44,20246351,5293205796,163309,15045528,74.31
ITC,EQ,10-Nov-17,260.05,260.55,265.2,259.4,262.2,261.7,262.17,16792035,4402383942,106410,11262229,67.07
ITC,EQ,13-Nov-17,261.7,263,263.3,258,258.6,258.3,260.35,7396182,1925573464,95927,5046434,68.23
ITC,EQ,14-Nov-17,258.3,258.5,260.85,256,256.25,256.55,258.03,8335504,2150790083,111993,5982608,71.77
ITC,EQ,15-Nov-17,256.55,257,257.35,250.4,253.85,253.3,252.41,17011726,4293897997,157072,11881716,69.84
ITC,EQ,16-Nov-17,253.3,254.7,255.6,252.4,255,255.1,254.4,9959845,2533806991,166483,6970027,69.98
ITC,EQ,17-Nov-17,255.1,256.5,259,256,258.6,258,257.86,9998498,2578167020,114419,7371207,73.72
ITC,EQ,20-Nov-17,258,258.6,260.7,257.25,259.05,259.2,259.06,7916268,2050770686,129212,5734720,72.44
ITC,EQ,21-Nov-17,259.2,259.5,259.5,255.2,255.5,255.8,257.75,16626216,4285430282,81436,12939555,77.83
ITC,EQ,22-Nov-17,255.8,256,258.65,255.6,258.5,258.15,257.59,8609960,2217797373,81327,6617866,76.86
ITC,EQ,23-Nov-17,258.15,258.35,260.7,256.4,258.55,258.15,258.33,7524346,1943785340,65283,4746056,63.08
ITC,EQ,24-Nov-17,258.15,258.5,261.45,258.05,260.65,260.75,259.73,7347756,1908426243,50057,5047152,68.69
ITC,EQ,27-Nov-17,260.75,260,260.5,257.3,259.05,259.25,258.68,4836535,1251103003,55974,2958553,61.17
ITC,EQ,28-Nov-17,259.25,259.1,259.2,256,257,257,256.98,17508901,4499432344,100436,10499203,59.96
ITC,EQ,29-Nov-17,257,258,258.7,257,258.1,258.05,257.83,8697821,2242556792,92845,6140995,70.6
ITC,EQ,30-Nov-17,258.05,257.9,258.2,254.65,255.9,256.05,256.13,22116235,5664541046,134587,15303327,69.19
ITC,EQ,1-Dec-17,256.05,256.95,259.6,254.65,255.1,255.2,257.11,6593537,1695248914,55457,3328979,50.49
ITC,EQ,4-Dec-17,255.2,256,256.3,253.55,254.75,255.1,254.87,6111791,1557716774,84003,3693955,60.44
ITC,EQ,5-Dec-17,255.1,255,255.35,252.5,252.9,253.85,254.16,8991412,2285222597,90276,6573194,73.11
ITC,EQ,6-Dec-17,253.85,253.25,253.25,250.85,251.35,251.6,251.96,8244499,2077276463,85408,5685629,68.96
ITC,EQ,7-Dec-17,251.6,250,254.1,250,253.7,253.35,252.33,5426456,1369242868,60488,3499758,64.49
ITC,EQ,8-Dec-17,253.35,253.75,263.2,253.4,262.5,262.2,258.56,13132943,3395687595,90031,8341803,63.52
ITC,EQ,11-Dec-17,262.2,264.65,267.5,263.3,266,266.25,265.86,17181015,4567751149,114738,11416076,66.45
ITC,EQ,12-Dec-17,266.25,264.5,265.2,260.5,261.2,261.55,261.85,9243049,2420303926,77246,5762620,62.35
ITC,EQ,13-Dec-17,261.55,259.6,262.4,257.6,259.45,259,260.16,8653465,2251248512,66393,4773678,55.16
ITC,EQ,14-Dec-17,259,260.9,266.15,257.55,264.25,264.25,261.32,8043427,2101915557,53976,3652864,45.41
ITC,EQ,15-Dec-17,264.25,266,267.05,263.45,264.1,264.6,265.17,12269517,3253510789,102769,8779833,71.56
ITC,EQ,18-Dec-17,264.6,265.5,265.5,259.05,263.35,263.2,263.29,9293059,2446799111,117822,4609381,49.6
ITC,EQ,19-Dec-17,263.2,263.4,265.4,263.1,264.2,264.25,264.01,5881181,1552693786,75183,3384603,57.55
ITC,EQ,20-Dec-17,264.25,264.7,264.7,262.7,263.15,263.3,263.54,7441512,1961115006,82720,5302822,71.26
ITC,EQ,21-Dec-17,263.3,265.9,265.9,261.6,263.05,263.05,262.91,6771408,1780287874,55591,4547759,67.16
ITC,EQ,22-Dec-17,263.05,263.5,264.2,262.15,262.5,263.1,263.4,6405364,1687180163,54750,4378026,68.35
ITC,EQ,26-Dec-17,263.1,263.25,265,262.65,263.75,264.15,264.04,9549857,2521561760,56341,7262299,76.05
ITC,EQ,27-Dec-17,264.15,264.2,264.3,261.65,262.3,262.15,262.96,6091016,1601682753,82067,4290172,70.43
ITC,EQ,28-Dec-17,262.15,263.4,264.05,261.05,261.85,261.85,262.27,15889965,4167506191,74141,12130570,76.34
ITC,EQ,29-Dec-17,261.85,262.5,264,262.25,263.25,263.25,263.25,6565616,1728410992,56777,4572034,69.64
ITC,EQ,1-Jan-18,263.25,263.25,266.3,261.25,261.8,262.3,263.26,10461011,2753929705,44043,6375878,60.95
ITC,EQ,2-Jan-18,262.3,262.6,264.2,260.45,260.7,260.75,261.84,5688384,1489465051,45209,2985641,52.49
ITC,EQ,3-Jan-18,260.75,261.3,262.65,260.6,260.95,261.15,261.82,11018996,2884992810,67791,8914265,80.9
ITC,EQ,4-Jan-18,261.15,260.95,262.75,260.6,261.75,261.55,261.69,9368913,2451729470,69338,6998712,74.7
ITC,EQ,5-Jan-18,261.55,261.9,263.5,261.9,263,262.9,262.5,9211954,2418177131,62706,6673578,72.44
ITC,EQ,8-Jan-18,262.9,264,266.8,263.25,265.75,265.6,265.52,14433239,3832243909,109978,10970842,76.01
ITC,EQ,9-Jan-18,265.6,265.5,272,264.75,270.25,270.55,269.5,25737663,6936322435,122424,15431052,59.96
ITC,EQ,10-Jan-18,270.55,273.45,274,269.05,269.45,269.4,271.34,16441299,4461163515,108628,10648924,64.77
ITC,EQ,11-Jan-18,269.4,269.5,271,268.1,269.95,269.8,269.82,11287447,3045589736,82350,8107309,71.83
ITC,EQ,12-Jan-18,269.8,270.25,271.35,266.15,267.15,267.55,268.58,8179762,2196889041,66960,5036314,61.57
ITC,EQ,15-Jan-18,267.55,268,271.1,267,267.75,267.6,268.71,10538330,2831776794,105293,7545321,71.6
ITC,EQ,16-Jan-18,267.6,268.2,268.7,260.8,262.6,261.7,263.52,12935712,3408816014,117895,9467052,73.19
ITC,EQ,17-Jan-18,261.7,262,267,259.55,266.4,266.05,263.83,16375659,4320376056,113452,12109086,73.95
ITC,EQ,18-Jan-18,266.05,268,275.25,266.65,274,273.4,272.79,26442702,7213332787,175662,16063493,60.75
ITC,EQ,19-Jan-18,273.4,276,277.5,271.1,274,274.55,274.46,25710521,7056517734,196232,11615397,45.18
ITC,EQ,22-Jan-18,274.55,275,275.5,271.7,272.7,273.65,272.84,8339156,2275255436,60237,5666863,67.95
ITC,EQ,23-Jan-18,273.65,274,277.25,273.55,276.8,276.6,275.57,18244388,5027638084,97311,12780157,70.05
ITC,EQ,24-Jan-18,276.6,276.65,282,276.05,280.55,281.45,279.68,17305234,4839854901,112197,9624564,55.62
ITC,EQ,25-Jan-18,281.45,281,283.2,278.6,280.7,281.25,280.8,13124518,3685305308,132581,8662694,66
ITC,EQ,29-Jan-18,281.25,281.15,283.3,275,275.2,275.65,277.08,9569723,2651569802,100959,6348137,66.34
ITC,EQ,30-Jan-18,275.65,275,276.45,271.95,275.75,275.2,274.41,13057276,3583061026,107090,9915146,75.94
ITC,EQ,31-Jan-18,275.2,273.9,276,269.85,271.35,271.4,272.88,18945945,5169900054,141071,14159972,74.74
ITC,EQ,1-Feb-18,271.4,272,290.3,267.4,275.5,275.3,279.2,59362154,16574119705,283270,28442761,47.91
ITC,EQ,2-Feb-18,275.3,274.4,285.65,270.8,274.5,275.35,278.35,35008302,9744734166,220209,14500461,41.42
ITC,EQ,5-Feb-18,275.35,273.55,281.7,271.85,279.8,279.25,278.26,19706340,5483539598,190487,11075339,56.2
ITC,EQ,6-Feb-18,279.25,269.95,277.3,268.15,274.75,273.5,273.27,15822723,4323856239,113591,7613464,48.12
ITC,EQ,7-Feb-18,273.5,278,278.75,274,275.2,275.15,275.53,12956103,3569741913,67020,8107873,62.58
ITC,EQ,8-Feb-18,275.15,275.7,276.9,272.65,273.9,274.1,274.87,9779911,2688180687,87155,6440637,65.86
ITC,EQ,9-Feb-18,274.1,271,272.5,267.8,271.5,271.35,270.18,14204123,3837643796,94584,7220210,50.83
ITC,EQ,12-Feb-18,271.35,272.45,273.85,269.3,270,269.85,270.82,6713679,1818221178,53879,3880858,57.81
ITC,EQ,14-Feb-18,269.85,270,271,265.1,265.7,266.5,268.33,11303222,3033030765,127975,7831704,69.29
ITC,EQ,15-Feb-18,266.5,266.5,269.9,264.8,268,268.1,267.87,11736246,3143812349,120288,7013377,59.76
ITC,EQ,16-Feb-18,268.1,269.85,270.75,265.6,266.15,266.45,267.53,6164187,1649122894,44559,3090428,50.14
ITC,EQ,19-Feb-18,266.45,266,267.8,262.5,263.6,264.1,264.81,6069585,1607283146,65593,2975487,49.02
ITC,EQ,20-Feb-18,264.1,264,265.8,262.15,263.85,263.25,263.65,9301017,2452224763,60656,5456967,58.67
ITC,EQ,21-Feb-18,263.25,264,268.95,263.45,268.05,268.2,267.23,10555155,2820630713,81624,6529636,61.86
ITC,EQ,22-Feb-18,268.2,267.2,269,265.45,267.05,267.1,267.14,19118686,5107418306,84590,10876435,56.89
ITC,EQ,23-Feb-18,267.1,267.45,270,266.1,268.7,269.05,268.63,6529253,1753964424,84763,4288142,65.68
ITC,EQ,26-Feb-18,269.05,268.55,269.5,266,266.05,266.55,267.63,8378818,2242452602,73749,6408150,76.48
ITC,EQ,27-Feb-18,266.55,268,268.2,265.5,266.6,266.4,266.25,7429924,1978195127,57606,4484755,60.36
ITC,EQ,28-Feb-18,266.4,265,266.3,263.05,264.9,265.05,264.89,13451146,3563094170,109063,10095138,75.05
ITC,EQ,1-Mar-18,265.05,264.2,266.1,262.85,263.65,264,263.84,7781553,2053119807,117805,5511456,70.83
ITC,EQ,5-Mar-18,264,263.3,263.3,260,260.05,260.25,260.87,6623613,1727887213,71775,4600299,69.45
ITC,EQ,6-Mar-18,260.25,261.05,262.4,255.5,256,256.5,259.23,8180373,2120638509,66375,5041650,61.63
ITC,EQ,7-Mar-18,256.5,256.5,260.5,253.55,259.75,259.9,258.51,15153219,3917190656,127773,9418574,62.16
ITC,EQ,8-Mar-18,259.9,260.3,261.9,257.75,258.25,258.85,259.9,6027032,1566403217,53562,3144893,52.18
ITC,EQ,9-Mar-18,258.85,259,260.9,258.25,259.3,259.25,259.85,6110339,1587753302,65272,3772520,61.74
ITC,EQ,12-Mar-18,259.25,264,270.85,262.95,269.9,270.1,267.45,19900387,5322454895,139786,10466779,52.6
ITC,EQ,13-Mar-18,270.1,269.65,272,267.2,269.75,269.45,269.99,8326884,2248200027,50824,4195715,50.39
ITC,EQ,14-Mar-18,269.45,268.05,269.05,265.3,267.75,268.05,267.56,7907101,2115613733,66259,4740412,59.95
ITC,EQ,15-Mar-18,268.05,267,269.9,265.2,265.75,265.55,267.01,5557668,1483957145,49638,3076752,55.36
ITC,EQ,16-Mar-18,265.55,266.4,266.4,258.85,261.35,260.5,261.06,20680532,5398824649,124346,16697180,80.74
ITC,EQ,19-Mar-18,260.5,260.55,262.2,258.3,259.1,259.15,260.46,12926158,3366708258,119296,8980768,69.48
ITC,EQ,20-Mar-18,259.15,258.15,259.95,257.5,259.5,259.2,258.78,7481088,1935947293,80878,4621250,61.77
ITC,EQ,21-Mar-18,259.2,260.05,261.65,258.7,259.3,259.05,259.88,12920867,3357903165,70521,7066968,54.69
ITC,EQ,22-Mar-18,259.05,260,261.45,257.85,258.85,258.3,259.3,8011131,2077311368,65618,5110050,63.79
ITC,EQ,23-Mar-18,258.3,256,258.8,254.75,255.45,256,256.75,11185677,2871948545,109077,6922671,61.89
ITC,EQ,26-Mar-18,256,252.9,260,252.5,258.75,258.1,257.28,12499724,3215969232,123750,8038588,64.31
ITC,EQ,27-Mar-18,258.1,258.8,260.5,256.9,259.05,258.9,258.34,8769415,2265522478,82531,5816375,66.33
ITC,EQ,28-Mar-18,258.9,258,258.95,254.35,255,255.5,256.7,12270479,3149842990,75788,7370683,60.07
ITC,EQ,2-Apr-18,255.5,257,258.95,255.45,258.8,258.25,256.75,7029064,1804685060,85556,4975902,70.79
ITC,EQ,3-Apr-18,258.25,258,260,257.5,259.15,258.5,258.63,5098212,1318555195,48970,2966646,58.19
ITC,EQ,4-Apr-18,258.5,259.5,259.8,257.1,259.05,258.6,258.54,8392947,2169907682,77397,6125472,72.98
ITC,EQ,5-Apr-18,258.6,255.5,260,255.5,259.8,259.65,258.65,9113610,2357197516,99052,5696963,62.51
ITC,EQ,6-Apr-18,259.65,260.5,262,260.05,261,260.85,261.06,6098959,1592218442,51328,3658977,59.99
ITC,EQ,9-Apr-18,260.85,261.15,266.6,260.9,265.7,265.8,264.65,9217475,2439369320,65447,6038358,65.51
ITC,EQ,10-Apr-18,265.8,266.35,268.7,265.1,266.55,266.7,266.64,14682547,3914986494,104111,10182701,69.35
ITC,EQ,11-Apr-18,266.7,266.9,267.55,263.4,265.3,265.15,264.95,5232228,1386296172,57667,3179437,60.77
ITC,EQ,12-Apr-18,265.15,265.1,265.15,261.4,262.15,261.95,262.57,6125006,1608254078,61995,4462404,72.86
ITC,EQ,13-Apr-18,261.95,263,263.5,260,260.5,260.75,261.59,4991314,1305660006,42992,3190105,63.91
ITC,EQ,16-Apr-18,260.75,260.5,264.9,260,264.35,264.45,263.6,5212182,1373910540,110574,2798674,53.69
ITC,EQ,17-Apr-18,264.45,265.4,268.4,262.7,267,267.6,265.28,13207767,3503727423,83815,9631872,72.93
ITC,EQ,18-Apr-18,267.6,268.7,278.9,268,276.5,275.35,275.48,23815794,6560787577,157457,10298292,43.24
ITC,EQ,19-Apr-18,275.35,277.25,280,275.25,277,277.35,277.18,12823460,3554398832,96479,8080528,63.01
ITC,EQ,20-Apr-18,277.35,276,279.25,273.5,275.75,276.2,276.21,10790554,2980473404,63069,6435712,59.64
ITC,EQ,23-Apr-18,276.2,276,277.2,275,275.45,275.5,275.87,11746220,3240374914,62425,9366380,79.74
ITC,EQ,24-Apr-18,275.5,276,278.85,274.65,275.5,276,276.77,8449353,2338520425,98712,6324649,74.85
ITC,EQ,25-Apr-18,276,275.5,276.3,272.7,273.9,274.1,274.5,4928817,1352940983,54260,2741847,55.63
ITC,EQ,26-Apr-18,274.1,274.55,279.1,273,278.75,278.25,277.35,20282977,5625453401,83108,15613876,76.98
ITC,EQ,27-Apr-18,278.25,279.6,280.95,278.4,279.7,279.4,279.6,9732842,2721312114,66638,6227880,63.99
ITC,EQ,30-Apr-18,279.4,279.6,283.85,279.6,282.25,281.45,282.15,5918966,1670011564,60650,3052561,51.57
ITC,EQ,2-May-18,281.45,282.1,288.7,280.25,286.6,287.25,286.01,16071685,4596679160,123736,10742447,66.84
ITC,EQ,3-May-18,287.25,287.5,289.7,283.05,284.3,285,285.64,9366444,2675443139,105773,5574914,59.52
ITC,EQ,4-May-18,285,287,287,275.85,276.85,277.15,279.28,10904195,3045326299,84011,7084677,64.97
ITC,EQ,7-May-18,277.15,278.3,283.4,276.9,282.5,282.25,280.63,6475767,1817302907,68143,3887665,60.03
ITC,EQ,8-May-18,282.25,283.15,285.95,282,282.7,282.7,283.51,6588906,1868021838,51445,3985966,60.5
ITC,EQ,9-May-18,282.7,281.5,284,281.5,282.35,282.3,282.95,4214376,1192478708,46450,2786650,66.12
ITC,EQ,10-May-18,282.3,282.95,283.95,277.3,282,280.15,279.73,5672203,1586690352,62839,3264043,57.54
ITC,EQ,11-May-18,280.15,281.9,284,279.75,283,283.65,281.68,3892106,1096317364,30833,2256270,57.97
ITC,EQ,14-May-18,283.65,283,287.3,282,283.2,284.8,285.56,6479302,1850239955,68532,3956222,61.06
ITC,EQ,15-May-18,284.8,284.85,286,280.7,282.3,281.85,282.78,7777542,2199354526,60036,4894647,62.93
ITC,EQ,16-May-18,281.85,279.95,288.8,279.55,286.35,285.85,284.33,18062869,5135904587,139947,6844377,37.89
ITC,EQ,17-May-18,285.85,288,288.7,278.45,279.1,278.95,282.74,10755084,3040885606,109001,5684139,52.85
ITC,EQ,18-May-18,278.95,278.55,285.55,276,281.95,282.3,282,15422138,4349026700,147340,8667846,56.2
ITC,EQ,21-May-18,282.3,282.3,284,278.5,281.15,282.35,281.94,8579200,2418801617,77689,5030644,58.64
ITC,EQ,22-May-18,282.35,282,283.1,278.05,279,278.75,280.06,4730984,1324981606,40943,2829507,59.81
ITC,EQ,23-May-18,278.75,279,279.4,272.95,274,273.45,275.22,7891899,2171990568,88647,5537341,70.16
ITC,EQ,24-May-18,273.45,274,276.8,271.75,275.25,274.85,274.73,6282351,1725925597,99859,4034095,64.21
ITC,EQ,25-May-18,274.85,272.4,275,268.75,272.8,272.3,272.16,9244273,2515934420,123215,5336532,57.73
ITC,EQ,28-May-18,272.3,274,277.5,272.4,275.3,275.3,275.87,6997081,1930318874,92510,4561302,65.19
ITC,EQ,29-May-18,275.3,274.8,277.75,272.45,274,274.05,275.89,8830998,2436422865,75906,6593888,74.67
ITC,EQ,30-May-18,274.05,272.5,273.7,270.65,272.1,271.9,271.49,8005601,2173455928,93089,5170596,64.59
ITC,EQ,31-May-18,271.9,272.2,272.7,269.6,270.1,271.65,271.41,13212672,3586093412,136036,9466110,71.64
ITC,EQ,1-Jun-18,271.65,271.15,271.7,269.1,270.1,269.95,270.17,6607768,1785207851,52719,4403739,66.64
ITC,EQ,4-Jun-18,269.95,270.25,271.95,267.5,268.35,268.9,270.07,7984112,2156246192,67281,5143601,64.42
ITC,EQ,5-Jun-18,268.9,269,269.85,266.85,267.8,267.5,268.14,5788321,1552061333,54577,3957597,68.37
ITC,EQ,6-Jun-18,267.5,268,271.15,267.8,270.85,270.4,269.35,7296797,1965367223,85597,5228746,71.66
ITC,EQ,7-Jun-18,270.4,270.5,272.3,270.1,271.9,271.05,271.22,6797792,1843676633,81016,4833390,71.1
ITC,EQ,8-Jun-18,271.05,271.1,271.5,267,267.85,267.9,268.62,6769606,1818450858,99623,4379344,64.69
ITC,EQ,11-Jun-18,267.9,268.5,271.9,268.15,269.25,269.25,270.36,8572974,2317817511,98937,6053662,70.61
ITC,EQ,12-Jun-18,269.25,269.3,274.6,269.25,270.55,270.25,271.9,8449515,2297436671,62031,4726412,55.94
ITC,EQ,13-Jun-18,270.25,271.5,271.8,267.2,267.7,267.85,269.54,7817856,2107217175,62023,5147300,65.84
ITC,EQ,14-Jun-18,267.85,266.5,268.9,266,267,267.25,267.26,9169601,2450664491,68185,6766866,73.8
ITC,EQ,15-Jun-18,267.25,267.5,267.75,263.6,264.2,264.5,264.77,10814596,2863346627,118705,7520336,69.54
ITC,EQ,18-Jun-18,264.5,264.45,265.5,263.5,265,264.55,264.52,6281093,1661479287,82580,4727218,75.26
ITC,EQ,19-Jun-18,264.55,264.9,267.15,262.65,266.1,266.05,265.1,7336092,1944780782,59103,4701569,64.09
ITC,EQ,20-Jun-18,266.05,266.45,267,263.05,263.35,263.75,264.01,9540207,2518752937,94844,6391618,67
ITC,EQ,21-Jun-18,263.75,264.4,264.8,260.4,260.65,260.85,261.73,7137481,1868092353,100155,4854400,68.01
ITC,EQ,22-Jun-18,260.85,260.55,266.8,260,265.3,265.15,264.82,16820667,4454464652,131717,10876088,64.66
ITC,EQ,25-Jun-18,265.15,265.15,265.4,259.75,262.7,262.6,261.96,13617718,3567288274,109071,10302979,75.66
ITC,EQ,26-Jun-18,262.6,262.45,266.15,262.15,264,264.8,265.06,10087090,2673701965,71545,7513865,74.49
ITC,EQ,27-Jun-18,264.8,264.9,265,261.5,263,262.75,262.45,10036967,2634235336,79504,7756202,77.28
ITC,EQ,28-Jun-18,262.75,262,264,259,260,260.5,261.78,14637010,3831690350,88923,9235817,63.1
ITC,EQ,29-Jun-18,260.5,261.8,267.55,260.3,265,266.2,264.67,10907020,2886746264,133815,7733944,70.91
ITC,EQ,2-Jul-18,266.2,267,267.1,260.05,263.15,263.05,262.63,18097981,4753008643,179498,13332769,73.67
ITC,EQ,3-Jul-18,263.05,263.5,266.75,261.15,266,265.45,263.65,10385004,2738004735,92919,7385644,71.12
ITC,EQ,4-Jul-18,265.45,266.3,266.3,262.2,264.3,264.4,263.7,7881279,2078269662,70376,5156696,65.43
ITC,EQ,5-Jul-18,264.4,264.6,273.8,263.5,272.75,272.5,270.19,15473199,4180774337,116508,9000788,58.17
ITC,EQ,6-Jul-18,272.5,272.75,274.75,270.15,271.75,272.65,272.52,12936762,3525493584,94852,6759168,52.25
ITC,EQ,9-Jul-18,272.65,275,276,272.2,274,274.4,274.2,9782072,2682199666,107292,5945491,60.78
ITC,EQ,10-Jul-18,274.4,275.5,277.5,273.1,276.4,277.05,275.43,11486223,3163705622,84857,8599922,74.87
ITC,EQ,11-Jul-18,277.05,276.85,280.3,273.75,275.5,275.75,277.74,11362662,3155825718,94554,6307889,55.51
ITC,EQ,12-Jul-18,275.75,275.75,278.15,273.3,277.2,277.2,276.11,9902834,2734309896,84533,5180278,52.31
ITC,EQ,13-Jul-18,277.2,278,278.3,269.2,270.15,270.4,271.64,18590126,5049733675,105871,13988512,75.25
ITC,EQ,16-Jul-18,270.4,270.3,273.3,269.7,272.05,271.6,271.68,10281018,2793174902,85152,6904084,67.15
ITC,EQ,17-Jul-18,271.6,271.05,273,269.3,270,269.85,270.74,10033333,2716395360,100890,6761309,67.39
ITC,EQ,18-Jul-18,269.85,271.1,271.3,267.6,268.15,268.55,269.28,7050253,1898492449,51220,4655530,66.03
ITC,EQ,19-Jul-18,268.55,268.9,274.6,266.25,273.25,273.3,270.99,8956760,2427206252,78638,5238088,58.48
ITC,EQ,20-Jul-18,273.3,273.25,274.8,270.65,274.35,274,273.32,6572535,1796403276,53813,3190994,48.55
ITC,EQ,23-Jul-18,274,279.5,286.65,277.15,283.95,284.15,283.57,26056261,7388650088,147326,14378063,55.18
ITC,EQ,24-Jul-18,284.15,284.5,287,283.55,285.05,285.65,285.37,12111542,3456265377,116799,7696166,63.54
ITC,EQ,25-Jul-18,285.65,284.25,286.95,283.2,286.4,286.15,285.64,13301823,3799528112,89845,9173482,68.96
ITC,EQ,26-Jul-18,286.15,287,291.15,284.2,287.75,287.2,288.1,20698478,5963255934,122759,11919961,57.59
ITC,EQ,27-Jul-18,287.2,300,307.15,295,301.6,302.55,301.39,75862167,22864073328,386586,39972218,52.69
ITC,EQ,30-Jul-18,302.55,302,303.6,300,300.6,301.05,301.53,17080727,5150420660,99868,10494902,61.44
ITC,EQ,31-Jul-18,301.05,300.75,301.35,295.55,297.55,297.7,297.9,14563274,4338336293,153105,9768552,67.08
ITC,EQ,1-Aug-18,297.7,298.05,302.95,296.1,300.45,301.6,299.14,14624672,4374895521,162191,9231674,63.12
ITC,EQ,2-Aug-18,301.6,300.5,303.5,297.3,298.7,299.2,300.56,9847568,2959824678,92368,5305159,53.87
ITC,EQ,3-Aug-18,299.2,300,305.4,298.15,303.95,303.95,302.22,12470372,3768823077,107619,6907137,55.39
ITC,EQ,6-Aug-18,303.95,305,306.9,300,302.15,301.8,303.29,7683950,2330455822,103742,4209340,54.78
ITC,EQ,7-Aug-18,301.8,302.95,304.2,299.75,300.65,301.1,301.77,7188877,2169409211,98599,4479848,62.32
ITC,EQ,8-Aug-18,301.1,300.25,302.4,300,300.95,300.95,301.07,6442258,1939564374,91974,3959787,61.47
ITC,EQ,9-Aug-18,300.95,301.75,304.6,300.05,302.65,302.5,302.52,9221385,2789688719,77082,6345902,68.82
ITC,EQ,10-Aug-18,302.5,302,306.9,301.15,303.6,304.8,304.58,14777932,4501013700,108018,9616879,65.08
ITC,EQ,13-Aug-18,304.8,304,307.8,303.15,305.85,305.95,305.91,9957591,3046149287,73992,5605325,56.29
ITC,EQ,14-Aug-18,305.95,307,310.2,306.85,307.65,307.9,308.55,12315926,3800132941,120377,6834468,55.49
ITC,EQ,16-Aug-18,307.9,307.9,308.5,305.1,307.45,307.45,306.97,18674289,5732496214,79333,15733106,84.25
ITC,EQ,17-Aug-18,307.45,307.8,315.3,307.8,313.7,313.75,313.17,25413745,7958925725,188911,15949025,62.76
ITC,EQ,20-Aug-18,313.75,314.2,315,311.3,313.35,313.3,313.42,19218118,6023336204,159969,14616159,76.05
ITC,BL,21-Aug-18,275.85,313.3,313.3,313.3,313.3,313.3,313.3,7217711,2261308856,1,7217711,100
ITC,EQ,21-Aug-18,313.3,314.5,317,312,312.8,312.9,313.84,13618791,4274087159,119997,9486419,69.66
ITC,EQ,23-Aug-18,312.9,314,316.4,307.35,311.85,312,312.05,11309613,3529134270,88596,7070528,62.52
ITC,EQ,24-Aug-18,312,311,312,307,310.7,310.4,309.65,5445848,1686293626,46328,2944917,54.08
ITC,EQ,27-Aug-18,310.4,311.2,314.85,310.5,313.55,313.4,313.57,5278766,1655286147,49160,2790713,52.87
ITC,EQ,28-Aug-18,313.4,314,315.8,311,312,311.65,312.78,6609740,2067419428,51177,4027729,60.94
ITC,EQ,29-Aug-18,311.65,311.7,315.45,310,312.85,312.8,312.1,10349504,3230124249,60903,7495744,72.43
ITC,EQ,30-Aug-18,312.8,313.5,320.6,313.5,318.95,319.85,318.38,24973007,7951028429,159658,16360655,65.51
ITC,EQ,31-Aug-18,319.85,322,322.6,317.2,319.6,319.85,320.54,18084699,5796783130,119433,11884175,65.71
ITC,EQ,3-Sep-18,319.85,322.95,322.95,311.05,311.5,313.2,318.71,9112998,2904372851,85876,5645798,61.95
ITC,EQ,4-Sep-18,313.2,312,312.2,307,310.3,309.6,308.6,11184441,3451555524,107727,7257266,64.89
ITC,EQ,5-Sep-18,309.6,310.4,314.45,309.25,310,310.25,311.33,10139205,3156622499,91732,5132830,50.62
ITC,EQ,6-Sep-18,310.25,311.4,311.75,308.05,310,310.8,310.2,7609714,2360540353,72864,4767106,62.65
ITC,EQ,7-Sep-18,310.8,311.6,313.2,308.1,310.65,310.45,311.02,7188478,2235737172,108508,4334253,60.29
ITC,EQ,10-Sep-18,310.45,310.2,310.75,305.55,306.1,306.55,306.96,9635849,2957817198,91265,5707533,59.23
ITC,EQ,11-Sep-18,306.55,306.65,306.75,295.55,296.2,297.2,298.06,26006624,7751563041,178943,13786209,53.01
ITC,EQ,12-Sep-18,297.2,297.75,307.6,295.4,306.1,306.8,303.42,19423600,5893496998,138154,9412549,48.46
ITC,EQ,14-Sep-18,306.8,307,308.65,305.05,306.95,307.15,306.62,12823479,3931940129,135884,7881282,61.46
ITC,EQ,17-Sep-18,307.15,305,306.1,301.5,302.5,302,303.27,5825628,1766733344,98875,3149772,54.07
ITC,EQ,18-Sep-18,302,302.2,304.9,299.3,304.5,303.25,302.47,8199623,2480102395,70655,4400792,53.67
ITC,EQ,19-Sep-18,303.25,304.5,305.65,298,300,299.65,302.15,6150336,1858304845,74564,2970120,48.29
ITC,EQ,21-Sep-18,299.65,300.4,306.6,300.4,304.1,303.95,303.82,16337218,4963613173,103478,10285775,62.96
ITC,EQ,24-Sep-18,303.95,305,306.35,292.5,298.8,297.95,299.62,14452668,4330297146,138196,9062644,62.71
ITC,EQ,25-Sep-18,297.95,296.9,302.35,292.35,301.15,301.15,297.9,13273933,3954284882,170623,7471547,56.29
ITC,EQ,26-Sep-18,301.15,303,303,289.75,293.1,293.15,293.94,19891787,5847014818,198806,13559149,68.16
ITC,EQ,27-Sep-18,293.15,293.5,295.1,289.5,294.15,293.3,292.28,12084852,3532133760,111921,7587958,62.79
ITC,EQ,28-Sep-18,293.3,295,300,291.8,298.85,297.75,296.25,24606864,7289683480,174778,16612435,67.51
ITC,EQ,1-Oct-18,297.75,300.85,302.95,293.4,297,297.1,296.68,9025533,2677655105,95424,4657058,51.6
ITC,EQ,3-Oct-18,297.1,297,300,294.65,295.25,295.2,297.16,7570160,2249518628,80374,4455682,58.86
ITC,EQ,4-Oct-18,295.2,293.85,295.7,285.15,287.75,287.1,290.28,8105763,2352974550,110051,3904487,48.17
ITC,EQ,5-Oct-18,287.1,285.5,286,275.1,276.05,276.5,280.41,17622969,4941679510,156108,11659870,66.16
ITC,EQ,8-Oct-18,276.5,279,279.4,269.15,273.5,273.2,273.6,16430487,4495397995,171056,10520337,64.03
ITC,EQ,9-Oct-18,273.2,275.5,275.5,267.75,267.95,268.5,271.27,10540674,2859327450,87278,6879382,65.27
ITC,EQ,10-Oct-18,268.5,269.9,271.15,267.2,270.5,270.1,269.63,11479650,3095264441,101761,7225871,62.95
ITC,EQ,11-Oct-18,270.1,265,269.3,263.65,265.25,265.2,265.96,10609934,2821794751,135842,5807570,54.74
ITC,EQ,12-Oct-18,265.2,267.5,277.65,267.3,275,275.2,274.98,13425871,3691909381,121517,7042066,52.45
ITC,EQ,15-Oct-18,275.2,278.95,283.6,276,281.65,282.5,279.8,17933322,5017665408,140842,11128388,62.05
ITC,EQ,16-Oct-18,282.5,283,283.75,276.35,282.25,282.65,280.86,11867994,3333252662,93880,6126185,51.62
ITC,EQ,17-Oct-18,282.65,283.9,291.65,281.55,286.05,286.45,287.08,15307324,4394412360,209942,7129172,46.57
ITC,EQ,19-Oct-18,286.45,285,291.55,284.75,291,289.45,288.32,8032126,2315784333,111649,3886783,48.39
ITC,EQ,22-Oct-18,289.45,292,293.1,287.3,288.7,288.5,290.63,12484871,3628510822,137138,6229871,49.9
ITC,EQ,23-Oct-18,288.5,286,291.2,283.55,286.7,286,287.61,10843970,3118786520,99500,6378419,58.82
ITC,EQ,24-Oct-18,286,288.7,289.65,286.35,288.6,287.75,288.33,8690022,2505615940,81397,5461765,62.85
ITC,EQ,25-Oct-18,287.75,286,289.5,284.5,289.4,287.55,287.25,9584217,2753038731,88998,5850620,61.04
ITC,EQ,26-Oct-18,287.55,289.7,289.8,276,279.9,280.9,281.31,21475541,6041259668,186898,8026885,37.38
ITC,EQ,29-Oct-18,280.9,281.9,285.25,278.95,282,283.5,282.71,11342580,3206618791,112505,5949794,52.46
ITC,EQ,30-Oct-18,283.5,283.25,283.85,278,278.4,278.95,280.55,6847149,1920934425,83135,3897466,56.92
ITC,EQ,31-Oct-18,278.95,279.55,281,272.85,278.9,280.1,277.1,13501859,3741374192,134439,8282796,61.35
ITC,EQ,1-Nov-18,280.1,280,281.8,274.8,277.05,277.4,277.04,9452718,2618784124,84790,4957019,52.44
ITC,EQ,2-Nov-18,277.4,278.3,285.95,278.3,283.9,283.25,282.86,11644681,3293806976,92468,5434775,46.67
ITC,EQ,5-Nov-18,283.25,285.25,285.25,278.4,279.95,279.6,280.43,7381232,2069938752,83445,4494785,60.89
ITC,EQ,6-Nov-18,279.6,281.1,281.85,276.1,276.7,277.3,277.91,9766345,2714157418,104385,5840248,59.8
ITC,EQ,7-Nov-18,277.3,281,281,278.8,280.2,280.05,279.8,957139,267803896.4,16784,582956,60.91
ITC,EQ,9-Nov-18,280.05,279,279.7,275.9,276.6,277.25,277.48,15034793,4171859933,170785,11190455,74.43
ITC,EQ,12-Nov-18,277.25,277.8,278.2,273.25,274.2,273.85,275.29,7047500,1940133067,108289,4270652,60.6
ITC,EQ,13-Nov-18,273.85,273.95,277.9,273.15,276.65,276.85,275.13,6700755,1843557323,71903,4306155,64.26
ITC,EQ,14-Nov-18,276.85,278.1,278.4,274.65,276.15,276.45,276.23,6915975,1910391504,102616,4624829,66.87
ITC,EQ,15-Nov-18,276.45,276.85,279.25,273.5,274.4,274.5,276.1,12153864,3355736243,105019,7628588,62.77
ITC,EQ,16-Nov-18,274.5,275.8,278.3,275.25,277,276.55,276.61,12635521,3495120978,109489,7145490,56.55
ITC,EQ,19-Nov-18,276.55,277.35,285,276.5,284.5,284.5,281.29,16720100,4703137869,117428,10190636,60.95
ITC,EQ,20-Nov-18,284.5,285,286.65,281.8,283.5,283.85,284.45,7796633,2217717398,76675,2903336,37.24
ITC,EQ,21-Nov-18,283.85,284.5,284.8,280,282.65,281.75,281.99,5650063,1593254986,52802,2643560,46.79
ITC,EQ,22-Nov-18,281.75,282,284.5,279.6,280,280.5,281.79,6680354,1882431108,71016,3787396,56.69
ITC,EQ,26-Nov-18,280.5,281.25,286.35,280.7,285.5,285.65,284.26,8948042,2543577827,96175,4364273,48.77
ITC,EQ,27-Nov-18,285.65,286.1,286.45,282.8,284.4,284.85,284.28,6881741,1956349461,71066,3955822,57.48
ITC,EQ,28-Nov-18,284.85,285.4,287.95,280.8,282.2,282.2,283.94,8856761,2514765773,95315,4940854,55.79
ITC,EQ,29-Nov-18,282.2,283.65,289.3,283.45,288.35,287.55,287.04,13657479,3920238580,99598,7265354,53.2
ITC,EQ,30-Nov-18,287.55,289.5,290,284.8,286.2,285.8,286.99,8639876,2479519613,114804,5616524,65.01
ITC,EQ,3-Dec-18,285.8,287.25,289.5,282.55,283.5,282.95,285.71,8565591,2447285103,122887,5465860,63.81
ITC,EQ,4-Dec-18,282.95,281,283.3,280.95,281.8,281.85,282.12,6305882,1779018634,74805,3928514,62.3
ITC,EQ,5-Dec-18,281.85,281,281.8,274.2,275.9,275.35,276.58,11453283,3167707620,112093,7890298,68.89
ITC,EQ,6-Dec-18,275.35,274.5,274.9,271.5,272.8,273.05,273.28,9682118,2645884632,110652,5065049,52.31
ITC,EQ,7-Dec-18,273.05,274.95,276.2,273.3,274.25,274.05,274.54,8103784,2224840243,75302,5363771,66.19
ITC,EQ,10-Dec-18,274.05,272,272.3,269.15,270.5,270.45,270.45,6683094,1807433520,85199,4327661,64.76
ITC,EQ,11-Dec-18,270.45,268.4,276.05,268.2,274.9,274.7,272.14,10238800,2786423556,135053,6011130,58.71
ITC,EQ,12-Dec-18,274.7,275.7,277.7,272.6,277.25,276.05,274.97,10084682,2773012741,147812,5798429,57.5
ITC,EQ,13-Dec-18,276.05,279,279.4,273.5,275.2,275.3,276.73,15821425,4378309310,115314,11648030,73.62
ITC,EQ,14-Dec-18,275.3,274.35,277.25,273.9,275.85,275.75,275.73,8594764,2369848394,113401,5926873,68.96
ITC,EQ,17-Dec-18,275.75,277,281.4,275.9,279.4,279.85,279.14,12232198,3414498360,114946,8014630,65.52
ITC,EQ,18-Dec-18,279.85,279.05,280.6,277,278.5,278.15,278.46,8832786,2459586366,117492,5750189,65.1
ITC,EQ,19-Dec-18,278.15,279,284,278.5,283.15,283.45,282.31,13133469,3707720922,139093,8623283,65.66
ITC,EQ,20-Dec-18,283.45,281,284.4,281,283.1,282.65,282.65,4964496,1403193291,69227,2376145,47.86
ITC,EQ,21-Dec-18,282.65,283,284,276.05,276.6,276.75,278.72,6816618,1899911995,95655,3706240,54.37
ITC,EQ,24-Dec-18,276.75,278.85,280.7,275.25,276.65,276,278.38,8540575,2377555905,94563,4490731,52.58
ITC,EQ,26-Dec-18,276,276.35,278.8,274.8,276.95,276.65,277.08,8494118,2353515544,85780,4404334,51.85
ITC,EQ,27-Dec-18,276.65,279,281.65,277.3,279.2,280.75,279.93,11441104,3202757606,119683,5710573,49.91
ITC,EQ,28-Dec-18,280.75,279.15,284,279.15,282,282.25,282.2,13194286,3723488208,125257,7814877,59.23
ITC,EQ,31-Dec-18,282.25,282.8,283.85,281.1,281.6,281.65,282.39,5452405,1539717566,48951,3032204,55.61
ITC,EQ,1-Jan-19,281.65,282.2,283.55,279.8,283,282.7,281.41,2490548,700866321.7,27385,867443,34.83
ITC,EQ,2-Jan-19,282.7,282.25,283.25,277.55,280.6,280.6,280.46,9934187,2786162488,78027,6659644,67.04
ITC,EQ,3-Jan-19,280.6,280.6,282.45,277.75,278.9,278.85,279.76,6114946,1710715679,69851,3429624,56.09
ITC,EQ,4-Jan-19,278.85,279.15,282.95,279.15,280.8,280.95,281.12,7805148,2194185003,75534,4075809,52.22
ITC,EQ,7-Jan-19,280.95,284.3,285.25,281,281.55,281.65,282.6,9757529,2757503045,91302,5303732,54.36
ITC,EQ,8-Jan-19,281.65,282,285.5,281.35,283.9,284.25,283.69,7480522,2122135155,61502,4872483,65.14
ITC,EQ,9-Jan-19,284.25,285.6,291.7,284.6,291.5,290.4,288.51,12182118,3514674092,97158,6554370,53.8
ITC,EQ,10-Jan-19,290.4,290.75,293.7,288.9,289.5,289.6,291.17,10288580,2995759265,87615,4838067,47.02
ITC,EQ,11-Jan-19,289.6,291.9,296,291.5,294.7,295.35,294.22,16773035,4934899719,133184,8899748,53.06
ITC,EQ,14-Jan-19,295.35,294.5,294.8,290,294.3,294.3,292.6,6400147,1872708313,67968,2959540,46.24
ITC,EQ,15-Jan-19,294.3,295.25,297.4,294,295.95,296.55,296.12,7213165,2135986668,71341,4226921,58.6
ITC,EQ,16-Jan-19,296.55,296,296.55,291.7,294.5,294.05,294.08,7784035,2289090307,86623,4157004,53.4
ITC,EQ,17-Jan-19,294.05,294.1,295.6,290.15,292.9,293.95,292.42,10601100,3099965722,74516,6900471,65.09
ITC,EQ,18-Jan-19,293.95,293.25,295.1,290.65,291.1,291.45,292,10994807,3210483094,64900,7360439,66.94
ITC,EQ,21-Jan-19,291.45,292.85,293.2,288.7,289.85,289.9,290.9,8203333,2386350244,46892,5219479,63.63
ITC,EQ,22-Jan-19,289.9,289.85,291,285.15,290.3,289.75,287.89,10329563,2973768883,91160,5953202,57.63
ITC,EQ,23-Jan-19,289.75,291.5,294.4,275,276,277.3,284.09,40188183,11416871915,222738,16584110,41.27
ITC,EQ,24-Jan-19,277.3,279.3,283.35,277.85,279.05,278.9,280.55,28026449,7862843142,228074,10907834,38.92
ITC,EQ,25-Jan-19,278.9,280,282.7,278.5,278.6,279.2,280.86,8897906,2499063224,113187,4963608,55.78
ITC,EQ,28-Jan-19,279.2,278.9,279.45,274.2,275.05,274.75,276.75,8992136,2488615337,101975,5141637,57.18
ITC,EQ,29-Jan-19,274.75,275.3,279,274.75,278.3,278.45,276.78,6998389,1937017437,107287,4273576,61.07
ITC,EQ,30-Jan-19,278.45,280.1,280.2,274.2,274.7,275.5,275.93,10449713,2883368087,95203,6803832,65.11
ITC,EQ,31-Jan-19,275.5,276.5,279.6,273.6,278.25,278.65,277.32,15346406,4255802357,119095,10473776,68.25
ITC,EQ,1-Feb-19,278.65,280.65,285.2,279.1,281.3,280.85,281.39,18353829,5164580734,117521,9349482,50.94
ITC,EQ,4-Feb-19,280.85,281.9,281.9,276.05,277.2,277.1,278.63,6056619,1687583049,56370,3021990,49.9
ITC,EQ,5-Feb-19,277.1,277.35,277.8,272.5,274.1,274.15,274.72,9827060,2699671911,76063,6408179,65.21
ITC,EQ,6-Feb-19,274.15,275,278.4,274.55,278,277.7,276.88,8097580,2242045785,78240,5260374,64.96
ITC,EQ,7-Feb-19,277.7,277.9,281,277,279.95,280.3,279.09,5947966,1660045576,60408,3323219,55.87
ITC,EQ,8-Feb-19,280.3,279.5,281.2,274.6,275.8,275.5,277.7,4405887,1223523267,52501,2320901,52.68
ITC,EQ,11-Feb-19,275.5,275.8,278.2,268.45,277.8,277.1,274.4,9952322,2730942369,85491,5223993,52.49
ITC,EQ,12-Feb-19,277.1,277.05,280.5,274.6,275.6,275.3,277.85,7341352,2039761970,80011,3134340,42.69
ITC,EQ,13-Feb-19,275.3,280.05,283.9,275.2,276.45,276.85,279.84,15344186,4293893417,108395,6939002,45.22
ITC,EQ,14-Feb-19,276.85,277,280.2,277,278,277.9,278.42,9993785,2782456536,89812,5910922,59.15
ITC,EQ,15-Feb-19,277.9,279,280.95,275.4,279.65,280.1,278.4,37552143,10454593966,157823,29592593,78.8
ITC,EQ,18-Feb-19,280.1,278.8,282.45,273.9,274.25,274.7,278.1,40666405,11309445911,225859,30175180,74.2
ITC,EQ,19-Feb-19,274.7,274,279.2,274,275.95,275.9,277.69,34451117,9566605611,224512,28158422,81.73
ITC,EQ,20-Feb-19,275.9,277.25,277.5,274.25,275.85,275.85,275.38,5977880,1646204111,78072,2552403,42.7
ITC,EQ,21-Feb-19,275.85,275.9,276.75,274.2,275.05,275.05,275.06,6995026,1924078885,79871,3887778,55.58
ITC,EQ,22-Feb-19,275.05,275.6,275.95,273.1,274.8,274.3,273.97,8763445,2400951758,97090,4633020,52.87
ITC,EQ,25-Feb-19,274.3,274.5,277.15,273,276.5,276.7,275.47,30047503,8277152526,150380,22359803,74.41
ITC,EQ,26-Feb-19,276.7,274.95,277,274.05,275.4,275.5,275.46,11779606,3244801215,95568,8210639,69.7
ITC,EQ,27-Feb-19,275.5,276,278.9,273.9,275.15,275.1,275.81,13128412,3620965795,150144,8522232,64.91
ITC,EQ,28-Feb-19,275.1,277.3,277.3,274.25,276.5,276.05,275.78,43208896,11916046786,140246,37509994,86.81
ITC,EQ,1-Mar-19,276.05,276.45,279,276.25,278.3,278.2,277.46,8830848,2450195551,73125,6126508,69.38
ITC,EQ,5-Mar-19,278.2,280,284,276.05,284,282.55,279.76,13580306,3799286136,195344,8498700,62.58
ITC,EQ,6-Mar-19,282.55,285,289.2,284.75,285.95,285.75,286.76,20045621,5748368447,168992,12250190,61.11
ITC,EQ,7-Mar-19,285.75,286.7,291,285.85,289.5,290.1,288.8,14287507,4126277237,276711,8969023,62.78
ITC,EQ,8-Mar-19,290.1,290.3,293,288.4,291.7,292,291.53,12681454,3696980599,159797,6955512,54.85
ITC,EQ,11-Mar-19,292,293,294.9,291.1,293.1,292.95,293.18,14720968,4315939804,132693,9456996,64.24
ITC,EQ,12-Mar-19,292.95,294,295.65,293.15,294.5,294.5,294.38,14142103,4163217859,129956,10880314,76.94
ITC,EQ,13-Mar-19,294.5,295,297,294.15,295,294.9,295.2,11070294,3267992757,97884,7913812,71.49
ITC,EQ,14-Mar-19,294.9,295.4,296,290.45,295.5,295.5,293.62,10113962,2969696846,135308,6537667,64.64
ITC,EQ,15-Mar-19,295.5,295.95,296.55,289.35,291.6,290.8,291.9,21395473,6245445135,119469,16898964,78.98
ITC,EQ,18-Mar-19,290.8,292,294.2,291.3,293.2,293.75,292.93,9166882,2685252841,112390,6748115,73.61
ITC,EQ,19-Mar-19,293.75,294.6,300,293.35,299.7,299.45,297.34,15756420,4685045995,132436,9727267,61.74
ITC,EQ,20-Mar-19,299.45,300,301.95,296.6,298.55,298.9,299.02,15619922,4670747123,149438,10082013,64.55
ITC,BL,22-Mar-19,313.3,298.9,298.9,298.9,298.9,298.9,298.9,693294,207225576.6,1,693294,100
ITC,EQ,22-Mar-19,298.9,300,300,296.55,298.75,298.2,298.11,8067384,2404947407,78074,4986699,61.81
ITC,EQ,25-Mar-19,298.2,297,297,293.2,294.25,295.05,294.75,8015871,2362683216,69876,5092351,63.53
ITC,EQ,26-Mar-19,295.05,295,296.35,291.05,294,293.4,293.19,10763629,3155818305,102964,6444668,59.87
ITC,EQ,27-Mar-19,293.4,294,296.7,291.6,292.7,293.1,294.27,8432517,2481399656,73984,4533617,53.76
ITC,EQ,28-Mar-19,293.1,294.1,302,293,301,300,298.2,17752380,5293830035,108956,12777234,71.97
ITC,EQ,29-Mar-19,300,302,303,295.45,296.55,297.25,297.57,11913335,3545082413,87977,7220906,60.61
ITC,EQ,1-Apr-19,297.25,297,299.2,296.55,297.4,297.25,297.81,6203276,1847427386,97253,3421087,55.15
ITC,EQ,2-Apr-19,297.25,297.4,300,294.65,298.1,297.9,297.74,9849417,2932590628,102850,5386390,54.69
ITC,EQ,3-Apr-19,297.9,298,299,295.15,295.5,296.15,297.5,9064767,2696778799,82684,6163694,68
ITC,EQ,4-Apr-19,296.15,296,297.3,293.75,295.5,294.8,294.95,6965053,2054344611,91968,4473299,64.22
ITC,EQ,5-Apr-19,294.8,295.05,296.4,292.65,295.45,294.55,294.04,7806991,2295571863,121882,5376947,68.87
ITC,EQ,8-Apr-19,294.55,294.65,295,291.7,292.3,292.75,292.86,5288853,1548883991,65374,3268882,61.81
ITC,EQ,9-Apr-19,292.75,292.5,296.7,292.25,296,296.3,295.24,6175672,1823335235,93094,3955633,64.05
ITC,EQ,10-Apr-19,296.3,296.05,296.55,293.5,294.3,294.7,295.11,5334642,1574292021,91950,3374246,63.25
ITC,EQ,11-Apr-19,294.7,294.55,297.45,293,297.45,296.4,295.33,10764968,3179188000,103086,7791474,72.38
ITC,EQ,12-Apr-19,296.4,296.65,307.4,295.6,307.4,305.75,302.46,21818291,6599107449,221102,11169749,51.19
ITC,EQ,15-Apr-19,305.75,307.9,310,304.35,305.55,305.5,306.76,12612414,3869040342,120440,6859851,54.39
ITC,EQ,16-Apr-19,305.5,306.8,309.95,306.15,307.95,307.2,308.2,9746168,3003737202,107799,6081524,62.4
ITC,EQ,18-Apr-19,307.2,308.25,308.25,303.55,305,304.4,305.58,8838122,2700789579,75045,4582025,51.84
ITC,EQ,22-Apr-19,304.4,303.85,305.5,301.05,302.75,301.8,302.48,6672456,2018256067,48254,3926981,58.85
ITC,EQ,23-Apr-19,301.8,302.15,304.8,301.55,303,303.4,303.55,7496038,2275445761,89404,4769956,63.63
ITC,EQ,24-Apr-19,303.4,303.4,307.2,298.5,307.2,306.45,302.71,11447878,3465380354,109201,8195961,71.59
ITC,EQ,25-Apr-19,306.45,307.25,309.8,302,306,304.15,305.76,23240675,7106109510,148719,17167256,73.87
ITC,EQ,26-Apr-19,304.15,304.6,306.4,302.55,305,304.55,304.33,4654775,1416581211,47076,2557683,54.95
ITC,EQ,30-Apr-19,304.55,304.55,307.55,299.5,301.5,301.35,302.17,11163210,3373186481,114610,7901224,70.78
ITC,EQ,2-May-19,301.35,301.1,306.5,300.6,304.15,305,303.85,7493271,2276849517,68933,3496866,46.67
ITC,EQ,3-May-19,305,304.25,307.45,303.3,304.55,304.25,305.73,5885895,1799499146,73319,3113665,52.9
ITC,EQ,6-May-19,304.25,304,307.5,300.75,306.2,307,305,6737627,2054980480,79416,3225535,47.87
ITC,EQ,7-May-19,307,308.25,309.5,300.85,302.45,301.9,305.31,8655871,2642695163,99220,4557484,52.65
ITC,EQ,8-May-19,301.9,300,303.4,298.65,300.6,300.65,301.46,7876031,2374343408,104147,4687591,59.52
ITC,EQ,9-May-19,300.65,299.4,301.3,296.35,299.85,299.85,299.17,10223616,3058550824,129794,5965688,58.35
ITC,EQ,10-May-19,299.85,300,300.45,296.9,297.15,297.75,298.68,6904657,2062296789,132469,4024203,58.28
ITC,EQ,13-May-19,297.75,295.1,303.5,287.7,288.8,289.3,296.21,35880558,10628126245,226154,14476904,40.35
